url,word_count,sentence_count,flesch_reading_ease,is_thin,quality_label
https://www.cm-alliance.com/cybersecurity-blog,332,7,-10.25,1,Low
https://www.varonis.com/blog/cybersecurity-tips,1778,94,42.51,0,Medium
https://www.cisecurity.org/insights/blog/11-cyber-defense-tips-to-stay-secure-at-work-and-home,1085,72,56.26,0,Medium
https://www.cisa.gov/topics/cybersecurity-best-practices,844,27,-5.02,0,Low
https://www.qnbtrust.bank/Resources/Learning-Center/Blog/7-cyber-security-tips,0,0,0.0,1,Low
https://nordlayer.com/learn/network-security/basics/,2177,181,26.86,0,Low
https://www.fortinet.com/resources/cyberglossary/what-is-network-security,5060,247,15.57,0,Low
https://www.cisco.com/site/us/en/learn/topics/security/what-is-network-security.html,954,56,28.5,0,Low
https://www.trendmicro.com/en_us/what-is/network-security/network-security-basics.html,2045,90,29.71,0,Low
https://digitdefence.com/blog/fundamentals-of-network-security-in-computer-networks,21567,1404,16.56,0,Low
https://guardiandigital.com/resources/blog/guide-on-phishing,2047,145,54.88,0,High
https://cofense.com/blog,196,5,6.48,1,Low
https://www.connectwise.com/blog/phishing-prevention-tips,0,0,0.0,1,Low
https://www.phriendlyphishing.com/blog,20,2,48.64,1,Low
https://inspiredelearning.com/blog/phishing-protection-checklist/,1292,59,23.79,0,Low
https://en.wikipedia.org/wiki/SD-WAN,3496,248,38.6,0,Medium
https://www.cisco.com/site/us/en/learn/topics/networking/what-is-sd-wan.html,573,34,32.49,0,Medium
https://www.fortinet.com/resources/cyberglossary/sd-wan-explained,3336,148,12.14,0,Low
https://www.hpe.com/us/en/what-is/sd-wan.html,0,0,0.0,1,Low
https://remotedesktop.google.com/,209,9,49.69,1,Low
https://support.microsoft.com/en-us/windows/how-to-use-remote-desktop-5fe128d5-8fb1-7a23-3b8a-41e636865e8c,0,0,0.0,1,Low
https://support.apple.com/guide/remote-desktop/welcome/mac,50,4,50.33,1,Low
https://en.wikipedia.org/wiki/Remote_desktop_software,2089,134,31.25,0,Medium
https://www.cloudflare.com/learning/access-management/what-is-ztna/,0,0,0.0,1,Low
https://www.fortinet.com/solutions/enterprise-midsize-business/network-access/application-access,2419,83,22.71,0,Low
https://www.microsoft.com/en-us/security/business/security-101/what-is-zero-trust-network-access-ztna,2409,130,19.7,0,Low
https://www.zscaler.com/resources/security-terms-glossary/what-is-zero-trust-network-access,1772,109,35.17,0,Medium
https://www.efax.com/,1469,84,39.35,0,Medium
https://sign.dropbox.com/products/dropbox-fax,795,39,47.27,0,Medium
https://www.fax.plus/,355,27,42.64,1,Low
https://comfax.com/reviews/free-fax/,5288,243,59.43,0,High
https://nytlicensing.com/latest/trends/content-marketing-best-practices-2022/,2929,156,45.76,0,Medium
https://copyblogger.com/content-marketing/,6462,296,51.82,0,High
https://www.twilio.com/en-us/blog/insights/content-marketing-best-practices,5859,386,55.61,0,High
https://www.akkio.com/beginners-guide-to-machine-learning,21617,919,42.79,0,Medium
https://medium.com/@amitvsolutions/machine-learning-101-the-complete-beginners-guide-to-machine-learning-686a30cbcf6b,3173,148,39.79,0,Medium
https://realpython.com/tutorials/data-science/,583,19,29.27,0,Low
https://www.geeksforgeeks.org/data-science/data-science-with-python-tutorial/,501,11,-2.85,0,Low
https://jakevdp.github.io/PythonDataScienceHandbook/,329,10,5.78,1,Low
https://www.w3schools.com/datascience/,461,17,48.47,1,Low
https://towardsdatascience.com/machine-learning-basics-with-examples-part-1-c2d37247ec3d,0,0,0.0,1,Low
https://www.analyticsvidhya.com/blog/2021/09/comprehensive-guide-on-machine-learning/,0,0,0.0,1,Low
https://aws.amazon.com/what-is/deep-learning/,2219,136,37.62,0,Medium
https://developers.google.com/search/docs/fundamentals/seo-starter-guide,4178,174,54.39,0,High
https://digitalmarketinginstitute.com/blog/what-is-seo,236,10,25.87,1,Low
https://www.coursera.org/articles/content-strategy,1570,72,43.36,0,Medium
https://www.youtube.com/creators/how-things-work/content-creation-strategy/,866,39,60.03,0,Medium
https://digitalmarketinginstitute.com/blog/what-are-the-most-effective-digital-marketing-strategies,116,5,12.63,1,Low
https://emotive.io/blog/11-essential-digital-marketing-tips,2394,115,44.18,0,Medium
https://www.forbes.com/advisor/business/what-is-digital-marketing/,2634,133,37.64,0,Medium
https://blog.hubspot.com/marketing/what-is-digital-marketing,8991,494,48.86,0,Medium
https://www.investopedia.com/terms/s/seo.asp,0,0,0.0,1,Low
https://mailchimp.com/marketing-glossary/content-marketing/,2440,137,49.97,0,Medium
https://sproutsocial.com/insights/social-media-marketing-strategy/,10609,469,39.91,0,Medium
https://www.shopify.com/blog/ecommerce-seo-beginners-guide,5426,298,54.97,0,High
https://www.dollardays.com/?srsltid=AfmBOopXjdOu2Kwq6fwYN9FPfB19MorSOf5UyS0EisxFSAzOm8wbl8KF,0,0,0.0,1,Low
https://www.woot.com/,165,16,62.55,1,Low
https://www.shopmissa.com/?srsltid=AfmBOoqr-F6zzKR-vGPqksAZp1wW4niXlINdN2eAREiMVNtHez_0-gAB,1784,1,-1707.35,0,Low
https://martie.com/?srsltid=AfmBOoqTEC0QXQ3xYEvV1VWP6OX6EZboYFZDuiiilhyLfDJNbuXIZ97r,1692,17,5.16,0,Low
https://www.dealsofamerica.com/,1982,124,61.58,0,High
https://www.dealnews.com/,3874,122,47.92,0,Medium
https://viewyourdeal.com/,550,31,83.77,0,Medium
https://americasstealsanddeals.com/,834,82,81.78,0,Medium
https://www.pricegrabber.com/,60,7,67.01,1,Low
https://www.wikihow.com/Make-Money-Online,302,21,59.46,1,Low
https://en.wikipedia.org/wiki/Search_engine_optimization,6081,513,49.52,0,Medium
https://simple.wikipedia.org/wiki/Search_engine_optimization,1195,82,49.25,0,Medium
https://en.wikipedia.org/wiki/Content_marketing,3511,250,43.84,0,Medium
https://simple.wikipedia.org/wiki/Content_marketing,440,23,42.83,1,Low
https://en.wikipedia.org/wiki/Machine_learning,17874,1511,36.82,0,Medium
https://simple.wikipedia.org/wiki/Machine_learning,1727,80,9.65,0,Low
https://en.wikipedia.org/wiki/Artificial_intelligence,34030,3210,45.2,0,Medium
https://simple.wikipedia.org/wiki/Artificial_intelligence,3440,159,19.29,0,Low
https://en.wikipedia.org/wiki/Digital_marketing,10745,931,40.9,0,Medium
https://simple.wikipedia.org/wiki/Digital_marketing,312,14,28.57,1,Low
https://www.reuters.com/technology/artificial-intelligence/,0,0,0.0,1,Low
https://www.cnbc.com/artificial-intelligence/,0,0,0.0,1,Low
https://www.bbc.com/news/topics/c404v061z99t,0,0,0.0,1,Low
https://www.theguardian.com/technology/artificialintelligenceai,392,5,6.83,1,Low
https://apnews.com/hub/artificial-intelligence,556,6,-35.12,0,Low
https://abcnews.go.com/alerts/technology,2142,67,43.65,0,Medium
